<?xml version="1.0" encoding="UTF-8"?>
<beans xmlns="http://www.springframework.org/schema/beans"
	xmlns:xsi="http://www.w3.org/2001/XMLSchema-instance"
	xmlns:security="http://www.springframework.org/schema/security"
	xsi:schemaLocation="http://www.springframework.org/schema/security http://www.springframework.org/schema/security/spring-security.xsd http://www.springframework.org/schema/beans http://www.springframework.org/schema/beans/spring-beans.xsd">

	<bean id="customAccessDenied"
		class="org.zerock.security.CustomAccessDeniedHandler" />
	<bean id="customLoginSuccess"
		class="org.zerock.security.CustomLoginSuccessHandler" />
	<bean id="bcryptPasswordEncoder"
		class="org.springframework.security.crypto.bcrypt.BCryptPasswordEncoder" />
	<bean id="customUserDetailsService"
		class="org.zerock.security.CustomUserDetailsService" />

	<security:http>
		<security:intercept-url pattern="/sample2/all"
			access="permitAll" />
		<security:intercept-url
			pattern="/sample2/member" access="hasRole('ROLE_MEMBER')" />
		<security:intercept-url
			pattern="/sample2/admin" access="hasRole('ROLE_ADMIN')" />
		<security:access-denied-handler
			ref="customAccessDenied" />
		<security:form-login login-page="/customLogin"
			authentication-success-handler-ref="customLoginSuccess" />
		<!-- <security:csrf disabled="true"/> -->
		<security:logout logout-url="/customLogout"
			invalidate-session="true" />
	</security:http>

	<security:authentication-manager>
		<security:authentication-provider user-service-ref="customUserDetailsService">
			<!-- <security:user-service> <security:user name="member" password="{noop}member" 
				authorities="ROLE_MEMBER" /> <security:user name="admin" password="{noop}admin" 
				authorities="ROLE_MEMBER, ROLE_ADMIN" /> </security:user-service> -->

		<!-- 	<security:jdbc-user-service
				data-source-ref="dataSource"
				users-by-username-query="select userid, userpw, enabled from tbl_member where userid = ? "
				authorities-by-username-query="select userid, auth from tbl_member_auth where userid = ? " /> -->
			<security:password-encoder
				ref="bcryptPasswordEncoder" />

		</security:authentication-provider>
	</security:authentication-manager>



</beans>
